"","CFI_numeric","RMSEA_numeric"
"1",0.970991487044046,0.0634633098656438
"2",0.967348401123585,0.061101485476068
"3",0.952164594506999,0.0681841977866372
"4",0.950744324187095,0.0638290253795364
"5",0.946665651021243,0.0657236813624673
